File_Hash,Predicted Label
Benign,B
Malware,B
00b7c7143761c72cd5ffa430bf6ec6c4a8841a6a78e9acfde01e9dbb871339a2,B
00ef241bf92c761a1a911b626d38108545f5cf250d900eb419fbd99fb2df3041,M
0a6377585d21c95e78485ace2d4abc1868d6ba7229d4fa3f8a9f9ec1b7c58627,B
0a6ff428b0dd9362d5aa2b150cf604d271e5edf8694e7ed7e197eb413c0ed77d,B
0acbb319d8a50504b7528eafab6cc41d626edc0f8bdf12693e6aac8d435da9f4,B
deleteme,B
Backdoor,B
Trojan,B
TrojanDownloader,B
TrojanDropper,B
Virus,B
Worm,B
0a21ef18ba03622736a8edd5390afbab6088dcacc3d5877eb0b28206285f569d,M
0a56a947d9c0be507b6aa0e2b569ca7eed39e5e802c8cf78be71adda9d324eae,M
0ae9a90db211e8b09baee9d26a97f943e6098f4f33336069895442f175111dba,M
0b0ab12cdf751f7fbe2efae9ecb771d980509aef824930de0a60f1c408dabd2c,M
0b9bcd45ae44d8d53d199e7cc137a449da27f9062815fc785df402d09e72a614,M
0ba98187e04d060d65a9b31028e08efa3a69f14352036ebdbc885003062f737a,M
00ed9204747ab980535cedd6337476911ca5bddc332cbf8305816e6ad729bb94,M
0c154d111fb0dfbc03bfc22570bdc1e635579713915aa268c09ed7a2c6f95e76,M
0d9814cdf5a6c2c7b294467103a8dae2185f309d0c0fa4722c7610c624ad10a2,M
0ea4c01ea41385b326bcd6e81238675cac86199962c01305539f7e276509e142,M
0f6285f95e98d7b40f80a03d2d90b350bdc35b139a2d90338375aa97bd303d86,M
000d4ae8b195127545cabfa4f63e4c210b1f38f51fb1d9e270318a0276251e88,M
0a652282a8bcf24641f02d1fd948d5333c85ad22e0bf6823e8b241a03c608485,M
0d21d20220ae30be6f876603ba5cbdd890516f6a8658425eef76f13e86993e8e,M
0dd8ecc829f12ffbabc68984883e0243c97efc4edb4015e11d4566a9c4a5256b,M
1c6d654d413ffda607702be9aea0de1e529a60ad0468d9e6f84ebaa53593b56c,M
000b3bd706f241802c397214ee1fea8fdaa687ccc6d3afff081fc4b96d2e8f64,M
0cadbfbc6899ccecfac4821a3f65d1604e7f34db847c515a594d994864489c85,M
0d036ad485f00fee60d853e23cff0a8f60f9a770faa814be85f80dad794fd734,M
0f205a106f953ac1f8886b5838366512645afb9d3ca15ce7db7d9a2bd139cdea,M
0b5e1d76c90b5a9a16e9bd843483a8157620d111ed4694ae128c57ea8868f738,M
0c041683e590dfd1a4c27d79799b57a308df3e69b2034f5bdc6949649e0a65ef,M
1af9696f03c7bfbad66bf5d24d8b0c34e16b451cb3e90e428cc8777b79f46e8f,M
1e54434c26502bfc8322e6f1cf42c7d99cb9df58e47da9aa791dbf8d02e6172c,M
00accd017be3b6376c72c90cbaee1daa5209059005031492f0c275f3c6f3684e,M
01de1ce759412710ef4d316a9185ceed1fb4dd051625bc09c3b6c8e408faffe7,M
0b4dcb9c24460718e61449b6afc0375889bb6d573ea0dd61f59cd22bc8e33ce7,M
0ccca891d805c9c809477238c73330c9fd9c655f22dad1200d4aa826d4aa9a1f,M
